{"binning": [0.0, 20.0, 40.0, 60.0, 80.0, 100.0, 120.0, 140.0, 160.0, 180.0, 200.0, 220.0, 240.0, 260.0, 280.0, 300.0, 350.0, 400.0, 450.0, 500.0, 750.0, 1000.0], "2016postVFP": {"value": [0.9608784740602414, 0.9843383026333595, 1.0032642987692637, 1.008758715917083, 1.0096632699968475, 0.9974540730521302, 0.9914277032866917, 0.9881944494080883, 0.9885024230082966, 0.9934121945758208, 0.9953289310572433, 0.997534577224122, 0.9986614300500802, 0.9982302425210887, 0.9983889860453181, 0.998610911646373, 0.9990108288265103, 0.9992943687143794, 0.9996366348325009, 0.9999298170762142, 0.9993568612256984], "error": [0.06106285491525463, 0.04120309988968467, 0.035232238941952, 0.03041663702770408, 0.02191896556964336, 0.014295573412700442, 0.008763857259783188, 0.005815602088571148, 0.0041548014448614815, 0.003221528319991779, 0.0028236651566002687, 0.002821288527683391, 0.002811510749377993, 0.003254914705014593, 0.0033841921899525045, 0.0025050333475318577, 0.0036012925055943913, 0.003408593074021839, 0.00485744404607028, 0.0033546747651148007, 0.022538870657027567]}, "2016preVFP": {"value": [0.9724802304487019, 0.9857540534803504, 0.990003855051221, 1.0088082943708643, 1.0004223473970466, 1.0042986204852213, 0.9933457226628081, 0.9935803967313029, 0.9926478158997935, 0.9962379710335043, 0.996724528911854, 0.9977664473816291, 0.9979754402643832, 0.9978693786351421, 0.9995730420131272, 0.998866352352399, 0.9991390673251357, 0.9996514498302598, 0.9993917165431516, 0.999825409676275, 0.9990594445785135], "error": [0.04131501563941957, 0.027152475293184014, 0.02550269875412782, 0.024037872308065235, 0.019676062454816567, 0.01358036597954429, 0.008956051559284656, 0.005997236273816601, 0.0041693393887272025, 0.003323364804092324, 0.0029333993374729816, 0.0028458110854447396, 0.0028251852481993227, 0.003361565263592111, 0.003683094252146939, 0.002368353475942585, 0.003206565741027912, 0.003954351221307481, 0.005494427791386439, 0.003445431682061518, 0.021604561578813096]}, "2017": {"value": [0.9971037007718557, 0.9964660243949672, 0.9992796336479901, 0.9975663401056534, 0.9964054394704949, 0.9955417975664127, 0.9951772279951806, 0.9964429586696146, 0.9978680774514515, 0.9984751745695755, 0.9990852740303549, 0.9992335958694397, 0.9996353502341973, 0.9996022369093744, 0.9996723574827584, 0.9997376562904652, 0.9997494377579087, 0.9997617008112407, 0.9997803063813092, 0.999985130913672, 0.9999846326872667], "error": [0.03600534727593529, 0.022628190314389528, 0.020527469649437996, 0.0179031339179775, 0.013887031596653963, 0.009798438830731067, 0.006690672554676045, 0.004652643889348671, 0.003344703586638525, 0.0025949666726310418, 0.0022568331925067664, 0.0020584889898155947, 0.002051936370246824, 0.0021436849917049307, 0.0022257249814698434, 0.001646934064824095, 0.0020704098923055147, 0.002624646352157822, 0.0036552067136663095, 0.002145752033372422, 0.008267443389721102]}, "2018": {"value": [1.0010727291540562, 1.0017564372177172, 0.9993444192828171, 1.0015277487168346, 1.000047954687448, 0.9961476288065854, 0.9958500562697485, 0.9957392926242521, 0.9971168333836606, 0.9983040910325487, 0.9991470916397355, 0.9996877751391962, 0.9995482416035482, 0.9996608552061946, 1.0001554721240402, 1.0003858374741128, 1.0004687156318468, 0.9997691845734311, 1.0027345875673597, 0.9998059439689541, 0.999972782083814], "error": [0.04266319012120945, 0.0262645685433022, 0.0242702752235613, 0.020998614319237732, 0.016486058893106573, 0.011632456290050318, 0.007589193878404863, 0.005063930737460224, 0.003478930104977695, 0.0026265491594734567, 0.0022148371383590203, 0.002011527730084812, 0.0020036889468932275, 0.0020195791362233916, 0.002318276474761826, 0.0016390624547354998, 0.0019685642163780387, 0.002360404423273069, 0.0029061130974486044, 0.002264067049211103, 0.006368271748709617]}}
